pokedex_number,name,classification,type1,type2,height_m,weight_kg,hp,attack,defense,sp_attack,sp_defense,speed,is_legendary,evolves_from,evolves_to,description,level_up_moves_red_blue,level_up_moves_yellow,level_up_moves_red_green_japan,level_up_moves_blue_japan
1,Bulbasaur,Seed Pokémon,grass,poison,0.7,6.9,45,49,49,65,65,45,0,,ivysaur,A strange seed was planted on its back at birth. The plant sprouts and grows with this POKéMON.,1:tackle|1:growl|7:leech-seed|13:vine-whip|20:poison-powder|27:razor-leaf|34:growth|41:sleep-powder|48:solar-beam,1:tackle|1:growl|7:leech-seed|13:vine-whip|20:poison-powder|27:razor-leaf|34:growth|41:sleep-powder|48:solar-beam,1:tackle|1:growl|7:leech-seed|13:vine-whip|20:poison-powder|27:razor-leaf|34:growth|41:sleep-powder|48:solar-beam,1:tackle|1:growl|7:leech-seed|13:vine-whip|20:poison-powder|27:razor-leaf|34:growth|41:sleep-powder|48:solar-beam
2,Ivysaur,Seed Pokémon,grass,poison,1.0,13.0,60,62,63,80,80,60,0,bulbasaur,venusaur,"When the bulb on its back grows large, it appears to lose the ability to stand on its hind legs.",1:tackle|1:growl|1:leech-seed|7:leech-seed|13:vine-whip|22:poison-powder|30:razor-leaf|38:growth|46:sleep-powder|54:solar-beam,1:tackle|1:growl|1:leech-seed|7:leech-seed|13:vine-whip|22:poison-powder|30:razor-leaf|38:growth|46:sleep-powder|54:solar-beam,1:tackle|1:growl|1:leech-seed|7:leech-seed|13:vine-whip|22:poison-powder|30:razor-leaf|38:growth|46:sleep-powder|54:solar-beam,1:tackle|1:growl|1:leech-seed|7:leech-seed|13:vine-whip|22:poison-powder|30:razor-leaf|38:growth|46:sleep-powder|54:solar-beam
3,Venusaur,Seed Pokémon,grass,poison,2.0,100.0,80,82,83,100,100,80,0,ivysaur,,The plant blooms when it is absorbing solar energy. It stays on the move to seek sunlight.,1:tackle|1:growl|1:leech-seed|1:vine-whip|7:leech-seed|13:vine-whip|22:poison-powder|30:razor-leaf|43:growth|55:sleep-powder|65:solar-beam,1:tackle|1:growl|1:leech-seed|1:vine-whip|7:leech-seed|13:vine-whip|22:poison-powder|30:razor-leaf|43:growth|55:sleep-powder|65:solar-beam,1:tackle|1:growl|1:leech-seed|1:vine-whip|7:leech-seed|13:vine-whip|22:poison-powder|30:razor-leaf|43:growth|55:sleep-powder|65:solar-beam,1:tackle|1:growl|1:leech-seed|1:vine-whip|7:leech-seed|13:vine-whip|22:poison-powder|30:razor-leaf|43:growth|55:sleep-powder|65:solar-beam
4,Charmander,Lizard Pokémon,fire,,0.6,8.5,39,52,43,50,50,65,0,,charmeleon,"Obviously prefers hot places. When it rains, steam is said to spout from the tip of its tail.",1:scratch|1:growl|9:ember|15:leer|22:rage|30:slash|38:flamethrower|46:fire-spin,1:scratch|1:growl|9:ember|15:leer|22:rage|30:slash|38:flamethrower|46:fire-spin,1:scratch|1:growl|9:ember|15:leer|22:rage|30:slash|38:flamethrower|46:fire-spin,1:scratch|1:growl|9:ember|15:leer|22:rage|30:slash|38:flamethrower|46:fire-spin
5,Charmeleon,Flame Pokémon,fire,,1.1,19.0,58,64,58,65,65,80,0,charmander,charizard,"When it swings its burning tail, it elevates the temperature to unbearably high levels.",1:scratch|1:growl|1:ember|9:ember|15:leer|24:rage|33:slash|42:flamethrower|56:fire-spin,1:scratch|1:growl|1:ember|9:ember|15:leer|24:rage|33:slash|42:flamethrower|56:fire-spin,1:scratch|1:growl|1:ember|9:ember|15:leer|24:rage|33:slash|42:flamethrower|56:fire-spin,1:scratch|1:growl|1:ember|9:ember|15:leer|24:rage|33:slash|42:flamethrower|56:fire-spin
6,Charizard,Flame Pokémon,fire,flying,1.7,90.5,78,84,78,85,85,100,0,charmeleon,,Spits fire that is hot enough to melt boulders. Known to cause forest fires unintentionally.,1:scratch|1:growl|1:ember|1:leer|9:ember|15:leer|24:rage|36:slash|46:flamethrower|55:fire-spin,1:scratch|1:growl|1:ember|1:leer|9:ember|15:leer|24:rage|36:slash|46:flamethrower|55:fire-spin,1:scratch|1:growl|1:ember|1:leer|9:ember|15:leer|24:rage|36:slash|46:flamethrower|55:fire-spin,1:scratch|1:growl|1:ember|1:leer|9:ember|15:leer|24:rage|36:slash|46:flamethrower|55:fire-spin
7,Squirtle,Tiny Turtle Pokémon,water,,0.5,9.0,44,48,65,50,50,43,0,,wartortle,"After birth, its back swells and hardens into a shell. Powerfully sprays foam from its mouth.",1:tackle|1:tail-whip|8:bubble|15:water-gun|22:bite|28:withdraw|35:skull-bash|42:hydro-pump,1:tackle|1:tail-whip|8:bubble|15:water-gun|22:bite|28:withdraw|35:skull-bash|42:hydro-pump,1:tackle|1:tail-whip|8:bubble|15:water-gun|22:bite|28:withdraw|35:skull-bash|42:hydro-pump,1:tackle|1:tail-whip|8:bubble|15:water-gun|22:bite|28:withdraw|35:skull-bash|42:hydro-pump
8,Wartortle,Turtle Pokémon,water,,1.0,22.5,59,63,80,65,65,58,0,squirtle,blastoise,"Often hides in water to stalk unwary prey. For swimming fast, it moves its ears to maintain balance.",1:tackle|1:tail-whip|1:bubble|8:bubble|15:water-gun|24:bite|31:withdraw|39:skull-bash|47:hydro-pump,1:tackle|1:tail-whip|1:bubble|8:bubble|15:water-gun|24:bite|31:withdraw|39:skull-bash|47:hydro-pump,1:tackle|1:tail-whip|1:bubble|8:bubble|15:water-gun|24:bite|31:withdraw|39:skull-bash|47:hydro-pump,1:tackle|1:tail-whip|1:bubble|8:bubble|15:water-gun|24:bite|31:withdraw|39:skull-bash|47:hydro-pump
9,Blastoise,Shellfish Pokémon,water,,1.6,85.5,79,83,100,85,85,78,0,wartortle,,A brutal POKéMON with pressurized water jets on its shell. They are used for high speed tackles.,1:tackle|1:tail-whip|1:bubble|1:water-gun|8:bubble|15:water-gun|24:bite|31:withdraw|42:skull-bash|52:hydro-pump,1:tackle|1:tail-whip|1:bubble|1:water-gun|8:bubble|15:water-gun|24:bite|31:withdraw|42:skull-bash|52:hydro-pump,1:tackle|1:tail-whip|1:bubble|1:water-gun|8:bubble|15:water-gun|24:bite|31:withdraw|42:skull-bash|52:hydro-pump,1:tackle|1:tail-whip|1:bubble|1:water-gun|8:bubble|15:water-gun|24:bite|31:withdraw|42:skull-bash|52:hydro-pump
10,Caterpie,Worm Pokémon,bug,,0.3,2.9,45,30,35,20,20,45,0,,metapod,Its short feet are tipped with suction pads that enable it to tirelessly climb slopes and walls.,1:tackle|1:string-shot,1:tackle|1:string-shot,1:tackle|1:string-shot,1:tackle|1:string-shot
11,Metapod,Cocoon Pokémon,bug,,0.7,9.9,50,20,55,25,25,30,0,caterpie,butterfree,"This POKéMON is vulnerable to attack while its shell is soft, exposing its weak and tender body.",1:harden,1:harden|7:harden,1:harden,1:harden
12,Butterfree,Butterfly Pokémon,bug,flying,1.1,32.0,60,45,50,80,80,70,0,metapod,,"In battle, it flaps its wings at high speed to release highly toxic dust into the air.",1:confusion|12:confusion|15:poison-powder|16:stun-spore|17:sleep-powder|21:supersonic|26:whirlwind|32:psybeam,1:confusion|10:confusion|13:poison-powder|14:stun-spore|15:sleep-powder|18:supersonic|23:whirlwind|28:gust|34:psybeam,1:confusion|12:confusion|15:poison-powder|16:stun-spore|17:sleep-powder|21:supersonic|26:whirlwind|32:psybeam,1:confusion|12:confusion|15:poison-powder|16:stun-spore|17:sleep-powder|21:supersonic|26:whirlwind|32:psybeam
13,Weedle,Hairy Pokémon,bug,poison,0.3,3.2,40,35,30,20,20,50,0,,kakuna,"Often found in forests, eating leaves. It has a sharp venomous stinger on its head.",1:poison-sting|1:string-shot,1:poison-sting|1:string-shot,1:poison-sting|1:string-shot,1:poison-sting|1:string-shot
14,Kakuna,Cocoon Pokémon,bug,poison,0.6,10.0,45,25,50,25,25,35,0,weedle,beedrill,"Almost incapable of moving, this POKéMON can only harden its shell to protect itself from predators.",1:harden,1:harden,1:harden,1:harden
15,Beedrill,Poison Bee Pokémon,bug,poison,1.0,29.5,65,80,40,45,45,75,0,kakuna,,Flies at high speed and attacks using its large venomous stingers on its forelegs and tail.,1:fury-attack|12:fury-attack|16:focus-energy|20:twineedle|25:rage|30:pin-missile|35:agility,1:fury-attack|12:fury-attack|16:focus-energy|20:twineedle|25:rage|30:pin-missile|35:agility,1:fury-attack|12:fury-attack|16:focus-energy|20:twineedle|25:rage|30:pin-missile|35:agility,1:fury-attack|12:fury-attack|16:focus-energy|20:twineedle|25:rage|30:pin-missile|35:agility
16,Pidgey,Tiny Bird Pokémon,normal,flying,0.3,1.8,40,45,40,35,35,56,0,,pidgeotto,A common sight in forests and woods. It flaps its wings at ground level to kick up blinding sand.,1:gust|5:sand-attack|12:quick-attack|19:whirlwind|28:wing-attack|36:agility|44:mirror-move,1:gust|5:sand-attack|12:quick-attack|19:whirlwind|28:wing-attack|36:agility|44:mirror-move,1:gust|5:sand-attack|12:quick-attack|19:whirlwind|28:wing-attack|36:agility|44:mirror-move,1:gust|5:sand-attack|12:quick-attack|19:whirlwind|28:wing-attack|36:agility|44:mirror-move
17,Pidgeotto,Bird Pokémon,normal,flying,1.1,30.0,63,60,55,50,50,71,0,pidgey,pidgeot,"Very protective of its sprawling territorial area, this POKéMON will fiercely peck at any intruder.",1:gust|1:sand-attack|5:sand-attack|12:quick-attack|21:whirlwind|31:wing-attack|40:agility|49:mirror-move,1:gust|1:sand-attack|5:sand-attack|12:quick-attack|21:whirlwind|31:wing-attack|40:agility|49:mirror-move,1:gust|1:sand-attack|5:sand-attack|12:quick-attack|21:whirlwind|31:wing-attack|40:agility|49:mirror-move,1:gust|1:sand-attack|5:sand-attack|12:quick-attack|21:whirlwind|31:wing-attack|40:agility|49:mirror-move
18,Pidgeot,Bird Pokémon,normal,flying,1.5,39.5,83,80,75,70,70,91,0,pidgeotto,,"When hunting, it skims the surface of water at high speed to pick off unwary prey such as MAGIKARP.",1:gust|1:sand-attack|1:quick-attack|5:sand-attack|12:quick-attack|21:whirlwind|31:wing-attack|44:agility|54:mirror-move,1:gust|1:sand-attack|1:quick-attack|5:sand-attack|12:quick-attack|21:whirlwind|31:wing-attack|44:agility|54:mirror-move,1:gust|1:sand-attack|1:quick-attack|5:sand-attack|12:quick-attack|21:whirlwind|31:wing-attack|44:agility|54:mirror-move,1:gust|1:sand-attack|1:quick-attack|5:sand-attack|12:quick-attack|21:whirlwind|31:wing-attack|44:agility|54:mirror-move
19,Rattata,Mouse Pokémon,normal,,,,30,56,35,25,25,72,0,,raticate,"Bites anything when it attacks. Small and very quick, it is a common sight in many places.",1:tackle|1:tail-whip|7:quick-attack|14:hyper-fang|23:focus-energy|34:super-fang,1:tackle|1:tail-whip|7:quick-attack|14:hyper-fang|23:focus-energy|34:super-fang,1:tackle|1:tail-whip|7:quick-attack|14:hyper-fang|23:focus-energy|34:super-fang,1:tackle|1:tail-whip|7:quick-attack|14:hyper-fang|23:focus-energy|34:super-fang
20,Raticate,Mouse Pokémon,normal,,,,55,81,60,50,50,97,0,rattata,,It uses its whis­ kers to maintain its balance. It apparently slows down if they are cut off.,1:tackle|1:tail-whip|1:quick-attack|7:quick-attack|14:hyper-fang|27:focus-energy|41:super-fang,1:tackle|1:tail-whip|1:quick-attack|7:quick-attack|14:hyper-fang|27:focus-energy|41:super-fang,1:tackle|1:tail-whip|1:quick-attack|7:quick-attack|14:hyper-fang|27:focus-energy|41:super-fang,1:tackle|1:tail-whip|1:quick-attack|7:quick-attack|14:hyper-fang|27:focus-energy|41:super-fang
21,Spearow,Tiny Bird Pokémon,normal,flying,0.3,2.0,40,60,30,31,31,70,0,,fearow,Eats bugs in grassy areas. It has to flap its short wings at high speed to stay airborne.,1:peck|1:growl|9:leer|15:fury-attack|22:mirror-move|29:drill-peck|36:agility,1:peck|1:growl|9:leer|15:fury-attack|22:mirror-move|29:drill-peck|36:agility,1:peck|1:growl|9:leer|15:fury-attack|22:mirror-move|29:drill-peck|36:agility,1:peck|1:growl|9:leer|15:fury-attack|22:mirror-move|29:drill-peck|36:agility
22,Fearow,Beak Pokémon,normal,flying,1.2,38.0,65,90,65,61,61,100,0,spearow,,"With its huge and magnificent wings, it can keep aloft without ever having to land for rest.",1:peck|1:growl|1:leer|9:leer|15:fury-attack|25:mirror-move|34:drill-peck|43:agility,1:peck|1:growl|1:leer|9:leer|15:fury-attack|25:mirror-move|34:drill-peck|43:agility,1:peck|1:growl|1:leer|9:leer|15:fury-attack|25:mirror-move|34:drill-peck|43:agility,1:peck|1:growl|1:leer|9:leer|15:fury-attack|25:mirror-move|34:drill-peck|43:agility
23,Ekans,Snake Pokémon,poison,,2.0,6.9,35,60,44,40,40,55,0,,arbok,"Moves silently and stealthily. Eats the eggs of birds, such as PIDGEY and SPEAROW, whole.",1:wrap|1:leer|10:poison-sting|17:bite|24:glare|31:screech|38:acid,1:wrap|1:leer|10:poison-sting|17:bite|24:glare|31:screech|38:acid,1:wrap|1:leer|10:poison-sting|17:bite|24:glare|31:screech|38:acid,1:wrap|1:leer|10:poison-sting|17:bite|24:glare|31:screech|38:acid
24,Arbok,Cobra Pokémon,poison,,3.5,65.0,60,85,69,65,65,80,0,ekans,,It is rumored that the ferocious warning markings on its belly differ from area to area.,1:wrap|1:leer|1:poison-sting|10:poison-sting|17:bite|27:glare|36:screech|47:acid,1:wrap|1:leer|1:poison-sting|10:poison-sting|17:bite|27:glare|36:screech|47:acid,1:wrap|1:leer|1:poison-sting|10:poison-sting|17:bite|27:glare|36:screech|47:acid,1:wrap|1:leer|1:poison-sting|10:poison-sting|17:bite|27:glare|36:screech|47:acid
25,Pikachu,Mouse Pokémon,electric,,0.4,6.0,35,55,30,50,50,90,0,,raichu,"When several of these POKéMON gather, their electricity could build and cause lightning storms.",1:thunder-shock|1:growl|9:thunder-wave|16:quick-attack|26:swift|33:agility|43:thunder,1:thunder-shock|1:growl|6:tail-whip|8:thunder-wave|11:quick-attack|15:double-team|20:slam|26:thunderbolt|33:agility|41:thunder|50:light-screen,1:thunder-shock|1:growl|9:thunder-wave|16:quick-attack|26:swift|33:agility|43:thunder,1:thunder-shock|1:growl|9:thunder-wave|16:quick-attack|26:swift|33:agility|43:thunder
26,Raichu,Mouse Pokémon,electric,,,,60,90,55,90,90,100,0,pikachu,,Its long tail serves as a ground to protect itself from its own high voltage power.,1:thunder-shock|1:growl|1:thunder-wave,1:thunder-shock|1:growl|1:thunder-wave,1:thunder-shock|1:growl|1:thunder-wave,1:thunder-shock|1:growl|1:thunder-wave
27,Sandshrew,Mouse Pokémon,ground,,,,50,75,85,30,30,40,0,,sandslash,Burrows deep underground in arid locations far from water. It only emerges to hunt for food.,1:scratch|10:sand-attack|17:slash|24:poison-sting|31:swift|38:fury-swipes,1:scratch|10:sand-attack|17:slash|24:poison-sting|31:swift|38:fury-swipes,1:scratch|10:sand-attack|17:slash|24:poison-sting|31:swift|38:fury-swipes,1:scratch|10:sand-attack|17:slash|24:poison-sting|31:swift|38:fury-swipes
28,Sandslash,Mouse Pokémon,ground,,,,75,100,110,55,55,65,0,sandshrew,,Curls up into a spiny ball when threatened. It can roll while curled up to attack or escape.,1:scratch|1:sand-attack|10:sand-attack|17:slash|27:poison-sting|36:swift|47:fury-swipes,1:scratch|1:sand-attack|10:sand-attack|17:slash|27:poison-sting|36:swift|47:fury-swipes,1:scratch|1:sand-attack|10:sand-attack|17:slash|27:poison-sting|36:swift|47:fury-swipes,1:scratch|1:sand-attack|10:sand-attack|17:slash|27:poison-sting|36:swift|47:fury-swipes
29,Nidoran♀,Poison Pin Pokémon,poison,,0.4,7.0,55,47,52,40,40,41,0,,nidorina,"Although small, its venomous barbs render this POKéMON dangerous. The female has smaller horns.",1:growl|1:tackle|8:scratch|14:poison-sting|21:tail-whip|29:bite|36:fury-swipes|43:double-kick,1:growl|1:tackle|8:scratch|12:double-kick|17:poison-sting|23:tail-whip|30:bite|38:fury-swipes,1:growl|1:tackle|8:scratch|14:poison-sting|21:tail-whip|29:bite|36:fury-swipes|43:double-kick,1:growl|1:tackle|8:scratch|14:poison-sting|21:tail-whip|29:bite|36:fury-swipes|43:double-kick
30,Nidorina,Poison Pin Pokémon,poison,,0.8,20.0,70,62,67,55,55,56,0,nidoran-f,nidoqueen,The female's horn develops slowly. Prefers physical attacks such as clawing and biting.,1:growl|1:tackle|1:scratch|8:scratch|14:poison-sting|23:tail-whip|32:bite|41:fury-swipes|50:double-kick,1:growl|1:tackle|1:scratch|8:scratch|12:double-kick|19:poison-sting|27:tail-whip|36:bite|46:fury-swipes,1:growl|1:tackle|1:scratch|8:scratch|14:poison-sting|23:tail-whip|32:bite|41:fury-swipes|50:double-kick,1:growl|1:tackle|1:scratch|8:scratch|14:poison-sting|23:tail-whip|32:bite|41:fury-swipes|50:double-kick
31,Nidoqueen,Drill Pokémon,poison,ground,1.3,60.0,90,82,87,75,75,76,0,nidorina,,Its hard scales provide strong protection. It uses its hefty bulk to execute powerful moves.,1:tackle|1:scratch|1:tail-whip|1:body-slam|8:scratch|14:poison-sting|23:body-slam,1:tackle|1:scratch|1:tail-whip|1:body-slam|8:scratch|12:double-kick|23:body-slam,1:tackle|1:scratch|1:tail-whip|1:body-slam|8:scratch|14:poison-sting|23:body-slam,1:tackle|1:scratch|1:tail-whip|1:body-slam|8:scratch|14:poison-sting|23:body-slam
32,Nidoran♂,Poison Pin Pokémon,poison,,0.5,9.0,46,57,40,40,40,50,0,,nidorino,"Stiffens its ears to sense danger. The larger its horns, the more powerful its secreted venom.",1:leer|1:tackle|8:horn-attack|14:poison-sting|21:focus-energy|29:fury-attack|36:horn-drill|43:double-kick,1:leer|1:tackle|8:horn-attack|12:double-kick|17:poison-sting|23:focus-energy|30:fury-attack|38:horn-drill,1:leer|1:tackle|8:horn-attack|14:poison-sting|21:focus-energy|29:fury-attack|36:horn-drill|43:double-kick,1:leer|1:tackle|8:horn-attack|14:poison-sting|21:focus-energy|29:fury-attack|36:horn-drill|43:double-kick
33,Nidorino,Poison Pin Pokémon,poison,,0.9,19.5,61,72,57,55,55,65,0,nidoran-m,nidoking,An aggressive POKéMON that is quick to attack. The horn on its head secretes a powerful venom.,1:leer|1:tackle|1:horn-attack|8:horn-attack|14:poison-sting|23:focus-energy|32:fury-attack|41:horn-drill|50:double-kick,1:leer|1:tackle|1:horn-attack|8:horn-attack|12:double-kick|19:poison-sting|27:focus-energy|36:fury-attack|46:horn-drill,1:leer|1:tackle|1:horn-attack|8:horn-attack|14:poison-sting|23:focus-energy|32:fury-attack|41:horn-drill|50:double-kick,1:leer|1:tackle|1:horn-attack|8:horn-attack|14:poison-sting|23:focus-energy|32:fury-attack|41:horn-drill|50:double-kick
34,Nidoking,Drill Pokémon,poison,ground,1.4,62.0,81,92,77,75,75,85,0,nidorino,,"It uses its powerful tail in battle to smash, constrict, then break the prey's bones.",1:tackle|1:horn-attack|1:poison-sting|1:thrash|8:horn-attack|14:poison-sting|23:thrash,1:tackle|1:horn-attack|1:poison-sting|1:thrash|8:horn-attack|12:double-kick|23:thrash,1:tackle|1:horn-attack|1:poison-sting|1:thrash|8:horn-attack|14:poison-sting|23:thrash,1:tackle|1:horn-attack|1:poison-sting|1:thrash|8:horn-attack|14:poison-sting|23:thrash
35,Clefairy,Fairy Pokémon,normal,,0.6,7.5,70,45,48,60,60,35,0,,clefable,Its magical and cute appeal has many admirers. It is rare and found only in certain areas.,1:pound|1:growl|13:sing|18:double-slap|24:minimize|31:metronome|39:defense-curl|48:light-screen,1:pound|1:growl|13:sing|18:double-slap|24:minimize|31:metronome|39:defense-curl|48:light-screen,1:pound|1:growl|13:sing|18:double-slap|24:minimize|31:metronome|39:defense-curl|48:light-screen,1:pound|1:growl|13:sing|18:double-slap|24:minimize|31:metronome|39:defense-curl|48:light-screen
36,Clefable,Fairy Pokémon,normal,,1.3,40.0,95,70,73,85,85,60,0,clefairy,,A timid fairy POKéMON that is rarely seen. It will run and hide the moment it senses people.,1:sing|1:double-slap|1:minimize|1:metronome,1:sing|1:double-slap|1:minimize|1:metronome,1:sing|1:double-slap|1:minimize|1:metronome,1:sing|1:double-slap|1:minimize|1:metronome
37,Vulpix,Fox Pokémon,fire,,,,38,41,40,65,65,65,0,,ninetales,"At the time of birth, it has just one tail. The tail splits from its tip as it grows older.",1:ember|1:tail-whip|16:quick-attack|21:roar|28:confuse-ray|35:flamethrower|42:fire-spin,1:ember|1:tail-whip|16:quick-attack|21:roar|28:confuse-ray|35:flamethrower|42:fire-spin,1:ember|1:tail-whip|16:quick-attack|21:roar|28:confuse-ray|35:flamethrower|42:fire-spin,1:ember|1:tail-whip|16:quick-attack|21:roar|28:confuse-ray|35:flamethrower|42:fire-spin
38,Ninetales,Fox Pokémon,fire,,,,73,76,75,100,100,100,0,vulpix,,Very smart and very vengeful. Grabbing one of its many tails could result in a 1000-year curse.,1:ember|1:tail-whip|1:quick-attack|1:roar,1:ember|1:tail-whip|1:quick-attack|1:roar,1:ember|1:tail-whip|1:quick-attack|1:roar,1:ember|1:tail-whip|1:quick-attack|1:roar
39,Jigglypuff,Balloon Pokémon,normal,,0.5,5.5,115,45,20,25,25,20,0,,wigglytuff,"When its huge eyes light up, it sings a mysteriously soothing melody that lulls its enemies to sleep.",1:sing|9:pound|14:disable|19:defense-curl|24:double-slap|29:rest|34:body-slam|39:double-edge,1:sing|9:pound|14:disable|19:defense-curl|24:double-slap|29:rest|34:body-slam|39:double-edge,1:sing|9:pound|14:disable|19:defense-curl|24:double-slap|29:rest|34:body-slam|39:double-edge,1:sing|9:pound|14:disable|19:defense-curl|24:double-slap|29:rest|34:body-slam|39:double-edge
40,Wigglytuff,Balloon Pokémon,normal,,1.0,12.0,140,70,45,50,50,45,0,jigglypuff,,"The body is soft and rubbery. When angered, it will suck in air and inflate itself to an enormous size.",1:sing|1:disable|1:defense-curl|1:double-slap,1:sing|1:disable|1:defense-curl|1:double-slap,1:sing|1:disable|1:defense-curl|1:double-slap,1:sing|1:disable|1:defense-curl|1:double-slap
41,Zubat,Bat Pokémon,poison,flying,0.8,7.5,40,45,35,40,40,55,0,,golbat,Forms colonies in perpetually dark places. Uses ultrasonic waves to identify and approach targets.,1:leech-life|10:supersonic|15:bite|21:confuse-ray|28:wing-attack|36:haze,1:leech-life|10:supersonic|15:bite|21:confuse-ray|28:wing-attack|36:haze,1:leech-life|10:supersonic|15:bite|21:confuse-ray|28:wing-attack|36:haze,1:leech-life|10:supersonic|15:bite|21:confuse-ray|28:wing-attack|36:haze
42,Golbat,Bat Pokémon,poison,flying,1.6,55.0,75,80,70,75,75,90,0,zubat,,"Once it strikes, it will not stop draining energy from the victim even if it gets too heavy to fly.",1:leech-life|1:screech|1:bite|10:supersonic|15:bite|21:confuse-ray|32:wing-attack|43:haze,1:leech-life|1:screech|1:bite|10:supersonic|15:bite|21:confuse-ray|32:wing-attack|43:haze,1:leech-life|1:screech|1:bite|10:supersonic|15:bite|21:confuse-ray|32:wing-attack|43:haze,1:leech-life|1:screech|1:bite|10:supersonic|15:bite|21:confuse-ray|32:wing-attack|43:haze
43,Oddish,Weed Pokémon,grass,poison,0.5,5.4,45,50,55,75,75,30,0,,gloom,"During the day, it keeps its face buried in the ground. At night, it wanders around sowing its seeds.",1:absorb|15:poison-powder|17:stun-spore|19:sleep-powder|24:acid|33:petal-dance|46:solar-beam,1:absorb|15:poison-powder|17:stun-spore|19:sleep-powder|24:acid|33:petal-dance|46:solar-beam,1:absorb|15:poison-powder|17:stun-spore|19:sleep-powder|24:acid|33:petal-dance|46:solar-beam,1:absorb|15:poison-powder|17:stun-spore|19:sleep-powder|24:acid|33:petal-dance|46:solar-beam
44,Gloom,Weed Pokémon,grass,poison,0.8,8.6,60,65,70,85,85,40,0,oddish,vileplume,The fluid that oozes from its mouth isn't drool. It is a nectar that is used to attract prey.,1:absorb|1:poison-powder|1:stun-spore|15:poison-powder|17:stun-spore|19:sleep-powder|28:acid|38:petal-dance|52:solar-beam,1:absorb|1:poison-powder|1:stun-spore|15:poison-powder|17:stun-spore|19:sleep-powder|28:acid|38:petal-dance|52:solar-beam,1:absorb|1:poison-powder|1:stun-spore|15:poison-powder|17:stun-spore|19:sleep-powder|28:acid|38:petal-dance|52:solar-beam,1:absorb|1:poison-powder|1:stun-spore|15:poison-powder|17:stun-spore|19:sleep-powder|28:acid|38:petal-dance|52:solar-beam
45,Vileplume,Flower Pokémon,grass,poison,1.2,18.6,75,80,85,100,100,50,0,gloom,,"The larger its petals, the more toxic pollen it contains. Its big head is heavy and hard to hold up.",1:stun-spore|1:sleep-powder|1:acid|1:petal-dance|15:poison-powder|17:stun-spore|19:sleep-powder,1:stun-spore|1:sleep-powder|1:acid|1:petal-dance|15:poison-powder|17:stun-spore|19:sleep-powder,1:stun-spore|1:sleep-powder|1:acid|1:petal-dance|15:poison-powder|17:stun-spore|19:sleep-powder,1:stun-spore|1:sleep-powder|1:acid|1:petal-dance|15:poison-powder|17:stun-spore|19:sleep-powder
46,Paras,Mushroom Pokémon,bug,grass,0.3,5.4,35,70,55,55,55,25,0,,parasect,Burrows to suck tree roots. The mushrooms on its back grow by draw­ ing nutrients from the bug host.,1:scratch|13:stun-spore|20:leech-life|27:spore|34:slash|41:growth,1:scratch|13:stun-spore|20:leech-life|27:spore|34:slash|41:growth,1:scratch|13:stun-spore|20:leech-life|27:spore|34:slash|41:growth,1:scratch|13:stun-spore|20:leech-life|27:spore|34:slash|41:growth
47,Parasect,Mushroom Pokémon,bug,grass,1.0,29.5,60,95,80,80,80,30,0,paras,,A host-parasite pair in which the parasite mushroom has taken over the host bug. Prefers damp places.,1:scratch|1:stun-spore|1:leech-life|13:stun-spore|20:leech-life|30:spore|39:slash|48:growth,1:scratch|1:stun-spore|1:leech-life|13:stun-spore|20:leech-life|30:spore|39:slash|48:growth,1:scratch|1:stun-spore|1:leech-life|13:stun-spore|20:leech-life|30:spore|39:slash|48:growth,1:scratch|1:stun-spore|1:leech-life|13:stun-spore|20:leech-life|30:spore|39:slash|48:growth
48,Venonat,Insect Pokémon,bug,poison,1.0,30.0,60,55,50,40,40,45,0,,venomoth,Lives in the shadows of tall trees where it eats insects. It is attracted by light at night.,1:tackle|1:disable|24:poison-powder|27:leech-life|30:stun-spore|35:psybeam|38:sleep-powder|43:psychic,1:tackle|1:disable|11:supersonic|19:confusion|22:poison-powder|27:leech-life|30:stun-spore|35:psybeam|38:sleep-powder|43:psychic,1:tackle|1:disable|24:poison-powder|27:leech-life|30:stun-spore|35:psybeam|38:sleep-powder|43:psychic,1:tackle|1:disable|24:poison-powder|27:leech-life|30:stun-spore|35:psybeam|38:sleep-powder|43:psychic
49,Venomoth,Poison Moth Pokémon,bug,poison,1.5,12.5,70,65,60,90,90,90,0,venonat,,The dust-like scales covering its wings are color coded to indicate the kinds of poison it has.,1:tackle|1:disable|1:poison-powder|1:leech-life|24:poison-powder|27:leech-life|30:stun-spore|38:psybeam|43:sleep-powder|50:psychic,1:tackle|1:disable|1:supersonic|1:confusion|22:poison-powder|27:leech-life|30:stun-spore|38:psybeam|43:sleep-powder|50:psychic,1:tackle|1:disable|1:poison-powder|1:leech-life|24:poison-powder|27:leech-life|30:stun-spore|38:psybeam|43:sleep-powder|50:psychic,1:tackle|1:disable|1:poison-powder|1:leech-life|24:poison-powder|27:leech-life|30:stun-spore|38:psybeam|43:sleep-powder|50:psychic
50,Diglett,Mole Pokémon,ground,,,,10,55,25,45,45,95,0,,dugtrio,Lives about one yard underground where it feeds on plant roots. It sometimes appears above ground.,1:scratch|15:growl|19:dig|24:sand-attack|31:slash|40:earthquake,1:scratch|15:growl|19:dig|24:sand-attack|31:slash|40:earthquake,1:scratch|15:growl|19:dig|24:sand-attack|31:slash|40:earthquake,1:scratch|15:growl|19:dig|24:sand-attack|31:slash|40:earthquake
51,Dugtrio,Mole Pokémon,ground,,,,35,80,50,70,70,120,0,diglett,,A team of DIGLETT triplets. It triggers huge earthquakes by burrowing 60 miles underground.,1:scratch|1:growl|1:dig|15:growl|19:dig|24:sand-attack|35:slash|47:earthquake,1:scratch|1:growl|1:dig|15:growl|19:dig|24:sand-attack|35:slash|47:earthquake,1:scratch|1:growl|1:dig|15:growl|19:dig|24:sand-attack|35:slash|47:earthquake,1:scratch|1:growl|1:dig|15:growl|19:dig|24:sand-attack|35:slash|47:earthquake
52,Meowth,Scratch Cat Pokémon,normal,,,,40,45,35,40,40,90,0,,persian,Adores circular objects. Wanders the streets on a nightly basis to look for dropped loose change.,1:scratch|1:growl|12:bite|17:pay-day|24:screech|33:fury-swipes|44:slash,1:scratch|1:growl|12:bite|17:pay-day|24:screech|33:fury-swipes|44:slash,1:scratch|1:growl|12:bite|17:pay-day|24:screech|33:fury-swipes|44:slash,1:scratch|1:growl|12:bite|17:pay-day|24:screech|33:fury-swipes|44:slash
53,Persian,Classy Cat Pokémon,normal,,,,65,70,60,65,65,115,0,meowth,,"Although its fur has many admirers, it is tough to raise as a pet because of its fickle meanness.",1:scratch|1:growl|1:bite|1:screech|12:bite|17:pay-day|24:screech|37:fury-swipes|51:slash,1:scratch|1:growl|1:bite|1:screech|12:bite|17:pay-day|24:screech|37:fury-swipes|51:slash,1:scratch|1:growl|1:bite|1:screech|12:bite|17:pay-day|24:screech|37:fury-swipes|51:slash,1:scratch|1:growl|1:bite|1:screech|12:bite|17:pay-day|24:screech|37:fury-swipes|51:slash
54,Psyduck,Duck Pokémon,water,,0.8,19.6,50,52,48,50,50,55,0,,golduck,"While lulling its enemies with its vacant look, this wily POKéMON will use psychokinetic powers.",1:scratch|28:tail-whip|31:disable|36:confusion|43:fury-swipes|52:hydro-pump,1:scratch|28:tail-whip|31:disable|36:confusion|43:fury-swipes|52:hydro-pump,1:scratch|28:tail-whip|31:disable|36:confusion|43:fury-swipes|52:hydro-pump,1:scratch|28:tail-whip|31:disable|36:confusion|43:fury-swipes|52:hydro-pump
55,Golduck,Duck Pokémon,water,,1.7,76.6,80,82,78,80,80,85,0,psyduck,,"Often seen swim­ ming elegantly by lake shores. It is often mistaken for the Japanese monster, Kappa.",1:scratch|1:tail-whip|1:disable|28:tail-whip|31:disable|39:confusion|48:fury-swipes|59:hydro-pump,1:scratch|1:tail-whip|1:disable|28:tail-whip|31:disable|39:confusion|48:fury-swipes|59:hydro-pump,1:scratch|1:tail-whip|1:disable|28:tail-whip|31:disable|39:confusion|48:fury-swipes|59:hydro-pump,1:scratch|1:tail-whip|1:disable|28:tail-whip|31:disable|39:confusion|48:fury-swipes|59:hydro-pump
56,Mankey,Pig Monkey Pokémon,fighting,,0.5,28.0,40,80,35,35,35,70,0,,primeape,Extremely quick to anger. It could be docile one moment then thrashing away the next instant.,1:scratch|1:leer|15:karate-chop|21:fury-swipes|27:focus-energy|33:seismic-toss|39:thrash,1:scratch|1:leer|9:low-kick|15:karate-chop|21:fury-swipes|27:focus-energy|33:seismic-toss|39:thrash|45:screech,1:scratch|1:leer|15:karate-chop|21:fury-swipes|27:focus-energy|33:seismic-toss|39:thrash,1:scratch|1:leer|15:karate-chop|21:fury-swipes|27:focus-energy|33:seismic-toss|39:thrash
57,Primeape,Pig Monkey Pokémon,fighting,,1.0,32.0,65,105,60,60,60,95,0,mankey,,Always furious and tenacious to boot. It will not abandon chasing its quarry until it is caught.,1:scratch|1:leer|1:karate-chop|1:fury-swipes|15:karate-chop|21:fury-swipes|27:focus-energy|37:seismic-toss|46:thrash,1:scratch|1:leer|1:low-kick|1:karate-chop|9:low-kick|15:karate-chop|21:fury-swipes|27:focus-energy|28:rage|37:seismic-toss|45:screech|46:thrash,1:scratch|1:leer|1:karate-chop|1:fury-swipes|15:karate-chop|21:fury-swipes|27:focus-energy|37:seismic-toss|46:thrash,1:scratch|1:leer|1:karate-chop|1:fury-swipes|15:karate-chop|21:fury-swipes|27:focus-energy|37:seismic-toss|46:thrash
58,Growlithe,Puppy Pokémon,fire,,0.7,19.0,55,70,45,50,50,60,0,,arcanine,Very protective of its territory. It will bark and bite to repel intruders from its space.,1:bite|1:roar|18:ember|23:leer|30:take-down|39:agility|50:flamethrower,1:bite|1:roar|18:ember|23:leer|30:take-down|39:agility|50:flamethrower,1:bite|1:roar|18:ember|23:leer|30:take-down|39:agility|50:flamethrower,1:bite|1:roar|18:ember|23:leer|30:take-down|39:agility|50:flamethrower
59,Arcanine,Legendary Pokémon,fire,,1.9,155.0,90,110,80,80,80,95,0,growlithe,,A POKéMON that has been admired since the past for its beauty. It runs agilely as if on wings.,1:roar|1:ember|1:leer|1:take-down,1:roar|1:ember|1:leer|1:take-down,1:roar|1:ember|1:leer|1:take-down,1:roar|1:ember|1:leer|1:take-down
60,Poliwag,Tadpole Pokémon,water,,0.6,12.4,40,50,40,40,40,90,0,,poliwhirl,Its newly grown legs prevent it from running. It appears to prefer swimming than trying to stand.,1:bubble|16:hypnosis|19:water-gun|25:double-slap|31:body-slam|38:amnesia|45:hydro-pump,1:bubble|16:hypnosis|19:water-gun|25:double-slap|31:body-slam|38:amnesia|45:hydro-pump,1:bubble|16:hypnosis|19:water-gun|25:double-slap|31:body-slam|38:amnesia|45:hydro-pump,1:bubble|16:hypnosis|19:water-gun|25:double-slap|31:body-slam|38:amnesia|45:hydro-pump
61,Poliwhirl,Tadpole Pokémon,water,,1.0,20.0,65,65,65,50,50,90,0,poliwag,poliwrath,"Capable of living in or out of water. When out of water, it sweats to keep its body slimy.",1:bubble|1:hypnosis|1:water-gun|16:hypnosis|19:water-gun|26:double-slap|33:body-slam|41:amnesia|49:hydro-pump,1:bubble|1:hypnosis|1:water-gun|16:hypnosis|19:water-gun|26:double-slap|33:body-slam|41:amnesia|49:hydro-pump,1:bubble|1:hypnosis|1:water-gun|16:hypnosis|19:water-gun|26:double-slap|33:body-slam|41:amnesia|49:hydro-pump,1:bubble|1:hypnosis|1:water-gun|16:hypnosis|19:water-gun|26:double-slap|33:body-slam|41:amnesia|49:hydro-pump
62,Poliwrath,Tadpole Pokémon,water,fighting,1.3,54.0,90,85,95,70,70,70,0,poliwhirl,,An adept swimmer at both the front crawl and breast stroke. Easily overtakes the best human swimmers.,1:hypnosis|1:water-gun|1:double-slap|1:body-slam|16:hypnosis|19:water-gun,1:hypnosis|1:water-gun|1:double-slap|1:body-slam|16:hypnosis|19:water-gun,1:hypnosis|1:water-gun|1:double-slap|1:body-slam|16:hypnosis|19:water-gun,1:hypnosis|1:water-gun|1:double-slap|1:body-slam|16:hypnosis|19:water-gun
63,Abra,Psi Pokémon,psychic,,0.9,19.5,25,20,15,105,105,90,0,,kadabra,"Using its ability to read minds, it will identify impending danger and TELEPORT to safety.",1:teleport,1:teleport,1:teleport,1:teleport
64,Kadabra,Psi Pokémon,psychic,,1.3,56.5,40,35,30,120,120,105,0,abra,alakazam,It emits special alpha waves from its body that induce headaches just by being close by.,1:teleport|1:confusion|1:disable|16:confusion|20:disable|27:psybeam|31:recover|38:psychic|42:reflect,1:teleport|1:kinesis|16:confusion|20:disable|27:psybeam|31:recover|38:psychic|42:reflect,1:teleport|1:confusion|1:disable|16:confusion|20:disable|27:psybeam|31:recover|38:psychic|42:reflect,1:teleport|1:confusion|1:disable|16:confusion|20:disable|27:psybeam|31:recover|38:psychic|42:reflect
65,Alakazam,Psi Pokémon,psychic,,1.5,48.0,55,50,45,135,135,120,0,kadabra,,"Its brain can out­ perform a super­ computer. Its intelligence quotient is said to be 5,000.",1:teleport|1:confusion|1:disable|16:confusion|20:disable|27:psybeam|31:recover|38:psychic|42:reflect,1:teleport|1:kinesis|16:confusion|20:disable|27:psybeam|31:recover|38:psychic|42:reflect,1:teleport|1:confusion|1:disable|16:confusion|20:disable|27:psybeam|31:recover|38:psychic|42:reflect,1:teleport|1:confusion|1:disable|16:confusion|20:disable|27:psybeam|31:recover|38:psychic|42:reflect
66,Machop,Superpower Pokémon,fighting,,0.8,19.5,70,80,50,35,35,35,0,,machoke,Loves to build its muscles. It trains in all styles of martial arts to become even stronger.,1:karate-chop|20:low-kick|25:leer|32:focus-energy|39:seismic-toss|46:submission,1:karate-chop|20:low-kick|25:leer|32:focus-energy|39:seismic-toss|46:submission,1:karate-chop|20:low-kick|25:leer|32:focus-energy|39:seismic-toss|46:submission,1:karate-chop|20:low-kick|25:leer|32:focus-energy|39:seismic-toss|46:submission
67,Machoke,Superpower Pokémon,fighting,,1.5,70.5,80,100,70,50,50,45,0,machop,machamp,"Its muscular body is so powerful, it must wear a power save belt to be able to regulate its motions.",1:karate-chop|1:low-kick|1:leer|20:low-kick|25:leer|36:focus-energy|44:seismic-toss|52:submission,1:karate-chop|1:low-kick|1:leer|20:low-kick|25:leer|36:focus-energy|44:seismic-toss|52:submission,1:karate-chop|1:low-kick|1:leer|20:low-kick|25:leer|36:focus-energy|44:seismic-toss|52:submission,1:karate-chop|1:low-kick|1:leer|20:low-kick|25:leer|36:focus-energy|44:seismic-toss|52:submission
68,Machamp,Superpower Pokémon,fighting,,1.6,130.0,90,130,80,65,65,55,0,machoke,,"Using its heavy muscles, it throws powerful punches that can send the victim clear over the horizon.",1:karate-chop|1:low-kick|1:leer|20:low-kick|25:leer|36:focus-energy|44:seismic-toss|52:submission,1:karate-chop|1:low-kick|1:leer|20:low-kick|25:leer|36:focus-energy|44:seismic-toss|52:submission,1:karate-chop|1:low-kick|1:leer|20:low-kick|25:leer|36:focus-energy|44:seismic-toss|52:submission,1:karate-chop|1:low-kick|1:leer|20:low-kick|25:leer|36:focus-energy|44:seismic-toss|52:submission
69,Bellsprout,Flower Pokémon,grass,poison,0.7,4.0,50,75,35,70,70,40,0,,weepinbell,A carnivorous POKéMON that traps and eats bugs. It uses its root feet to soak up needed moisture.,1:vine-whip|1:growth|13:wrap|15:poison-powder|18:sleep-powder|21:stun-spore|26:acid|33:razor-leaf|42:slam,1:vine-whip|1:growth|13:wrap|15:poison-powder|18:sleep-powder|21:stun-spore|26:acid|33:razor-leaf|42:slam,1:vine-whip|1:growth|13:wrap|15:poison-powder|18:sleep-powder|21:stun-spore|26:acid|33:razor-leaf|42:slam,1:vine-whip|1:growth|13:wrap|15:poison-powder|18:sleep-powder|21:stun-spore|26:acid|33:razor-leaf|42:slam
70,Weepinbell,Flycatcher Pokémon,grass,poison,1.0,6.4,65,90,50,85,85,55,0,bellsprout,victreebel,It spits out POISONPOWDER to immobilize the enemy and then finishes it with a spray of ACID.,1:vine-whip|1:growth|1:wrap|13:wrap|15:poison-powder|18:sleep-powder|23:stun-spore|29:acid|38:razor-leaf|49:slam,1:vine-whip|1:growth|1:wrap|13:wrap|15:poison-powder|18:sleep-powder|23:stun-spore|29:acid|38:razor-leaf|49:slam,1:vine-whip|1:growth|1:wrap|13:wrap|15:poison-powder|18:sleep-powder|23:stun-spore|29:acid|38:razor-leaf|49:slam,1:vine-whip|1:growth|1:wrap|13:wrap|15:poison-powder|18:sleep-powder|23:stun-spore|29:acid|38:razor-leaf|49:slam
71,Victreebel,Flycatcher Pokémon,grass,poison,1.7,15.5,80,105,65,100,100,70,0,weepinbell,,"Said to live in huge colonies deep in jungles, although no one has ever returned from there.",1:sleep-powder|1:stun-spore|1:acid|1:razor-leaf|13:wrap|15:poison-powder|18:sleep-powder,1:sleep-powder|1:stun-spore|1:acid|1:razor-leaf|13:wrap|15:poison-powder|18:sleep-powder,1:sleep-powder|1:stun-spore|1:acid|1:razor-leaf|13:wrap|15:poison-powder|18:sleep-powder,1:sleep-powder|1:stun-spore|1:acid|1:razor-leaf|13:wrap|15:poison-powder|18:sleep-powder
72,Tentacool,Jellyfish Pokémon,water,poison,0.9,45.5,40,40,35,100,100,70,0,,tentacruel,Drifts in shallow seas. Anglers who hook them by accident are often punished by its stinging acid.,1:acid|7:supersonic|13:wrap|18:poison-sting|22:water-gun|27:constrict|33:barrier|40:screech|48:hydro-pump,1:acid|7:supersonic|13:wrap|18:poison-sting|22:water-gun|27:constrict|33:barrier|40:screech|48:hydro-pump,1:acid|7:supersonic|13:wrap|18:poison-sting|22:water-gun|27:constrict|33:barrier|40:screech|48:hydro-pump,1:acid|7:supersonic|13:wrap|18:poison-sting|22:water-gun|27:constrict|33:barrier|40:screech|48:hydro-pump
73,Tentacruel,Jellyfish Pokémon,water,poison,1.6,55.0,80,70,65,120,120,100,0,tentacool,,"The tentacles are normally kept short. On hunts, they are extended to ensnare and immobilize prey.",1:acid|1:supersonic|1:wrap|7:supersonic|13:wrap|18:poison-sting|22:water-gun|27:constrict|35:barrier|43:screech|50:hydro-pump,1:acid|1:supersonic|1:wrap|7:supersonic|13:wrap|18:poison-sting|22:water-gun|27:constrict|35:barrier|43:screech|50:hydro-pump,1:acid|1:supersonic|1:wrap|7:supersonic|13:wrap|18:poison-sting|22:water-gun|27:constrict|35:barrier|43:screech|50:hydro-pump,1:acid|1:supersonic|1:wrap|7:supersonic|13:wrap|18:poison-sting|22:water-gun|27:constrict|35:barrier|43:screech|50:hydro-pump
74,Geodude,Rock Pokémon,rock,ground,,,40,80,100,30,30,20,0,,graveler,"Found in fields and mountains. Mistaking them for boulders, people often step or trip on them.",1:tackle|11:defense-curl|16:rock-throw|21:self-destruct|26:harden|31:earthquake|36:explosion,1:tackle|11:defense-curl|16:rock-throw|21:self-destruct|26:harden|31:earthquake|36:explosion,1:tackle|11:defense-curl|16:rock-throw|21:self-destruct|26:harden|31:earthquake|36:explosion,1:tackle|11:defense-curl|16:rock-throw|21:self-destruct|26:harden|31:earthquake|36:explosion
75,Graveler,Rock Pokémon,rock,ground,,,55,95,115,45,45,35,0,geodude,golem,Rolls down slopes to move. It rolls over any obstacle without slowing or changing its direction.,1:tackle|1:defense-curl|11:defense-curl|16:rock-throw|21:self-destruct|29:harden|36:earthquake|43:explosion,1:tackle|1:defense-curl|11:defense-curl|16:rock-throw|21:self-destruct|29:harden|36:earthquake|43:explosion,1:tackle|1:defense-curl|11:defense-curl|16:rock-throw|21:self-destruct|29:harden|36:earthquake|43:explosion,1:tackle|1:defense-curl|11:defense-curl|16:rock-throw|21:self-destruct|29:harden|36:earthquake|43:explosion
76,Golem,Megaton Pokémon,rock,ground,,,80,110,130,55,55,45,0,graveler,,Its boulder-like body is extremely hard. It can easily withstand dynamite blasts without damage.,1:tackle|1:defense-curl|11:defense-curl|16:rock-throw|21:self-destruct|29:harden|36:earthquake|43:explosion,1:tackle|1:defense-curl|11:defense-curl|16:rock-throw|21:self-destruct|29:harden|36:earthquake|43:explosion,1:tackle|1:defense-curl|11:defense-curl|16:rock-throw|21:self-destruct|29:harden|36:earthquake|43:explosion,1:tackle|1:defense-curl|11:defense-curl|16:rock-throw|21:self-destruct|29:harden|36:earthquake|43:explosion
77,Ponyta,Fire Horse Pokémon,fire,,1.0,30.0,50,85,55,65,65,90,0,,rapidash,Its hooves are 10 times harder than diamonds. It can trample anything completely flat in little time.,1:ember|30:tail-whip|32:stomp|35:growl|39:fire-spin|43:take-down|48:agility,1:ember|30:tail-whip|32:stomp|35:growl|39:fire-spin|43:take-down|48:agility,1:ember|30:tail-whip|32:stomp|35:growl|39:fire-spin|43:take-down|48:agility,1:ember|30:tail-whip|32:stomp|35:growl|39:fire-spin|43:take-down|48:agility
78,Rapidash,Fire Horse Pokémon,fire,,1.7,95.0,65,100,70,80,80,105,0,ponyta,,"Very competitive, this POKéMON will chase anything that moves fast in the hopes of racing it.",1:ember|1:tail-whip|1:stomp|1:growl|30:tail-whip|32:stomp|35:growl|39:fire-spin|47:take-down|55:agility,1:ember|1:tail-whip|1:stomp|1:growl|30:tail-whip|32:stomp|35:growl|39:fire-spin|47:take-down|55:agility,1:ember|1:tail-whip|1:stomp|1:growl|30:tail-whip|32:stomp|35:growl|39:fire-spin|47:take-down|55:agility,1:ember|1:tail-whip|1:stomp|1:growl|30:tail-whip|32:stomp|35:growl|39:fire-spin|47:take-down|55:agility
79,Slowpoke,Dopey Pokémon,water,psychic,1.2,36.0,90,65,65,40,40,15,0,,slowbro,Incredibly slow and dopey. It takes 5 seconds for it to feel pain when under attack.,1:confusion|18:disable|22:headbutt|27:growl|33:water-gun|40:amnesia|48:psychic,1:confusion|18:disable|22:headbutt|27:growl|33:water-gun|40:amnesia|48:psychic,1:confusion|18:disable|22:headbutt|27:growl|33:water-gun|40:amnesia|48:psychic,1:confusion|18:disable|22:headbutt|27:growl|33:water-gun|40:amnesia|48:psychic
80,Slowbro,Hermit Crab Pokémon,water,psychic,1.6,78.5,95,75,110,80,80,30,0,slowpoke,,The SHELLDER that is latched onto SLOWPOKE's tail is said to feed on the host's left over scraps.,1:confusion|1:disable|1:headbutt|18:disable|22:headbutt|27:growl|33:water-gun|37:withdraw|44:amnesia|55:psychic,1:confusion|1:disable|1:headbutt|18:disable|22:headbutt|27:growl|33:water-gun|37:withdraw|44:amnesia|55:psychic,1:confusion|1:disable|1:headbutt|18:disable|22:headbutt|27:growl|33:water-gun|37:withdraw|44:amnesia|55:psychic,1:confusion|1:disable|1:headbutt|18:disable|22:headbutt|27:growl|33:water-gun|37:withdraw|44:amnesia|55:psychic
81,Magnemite,Magnet Pokémon,electric,,0.3,6.0,25,35,70,95,95,45,0,,magneton,Uses anti-gravity to stay suspended. Appears without warning and uses THUNDER WAVE and similar moves.,1:tackle|21:sonic-boom|25:thunder-shock|29:supersonic|35:thunder-wave|41:swift|47:screech,1:tackle|21:sonic-boom|25:thunder-shock|29:supersonic|35:thunder-wave|41:swift|47:screech,1:tackle|21:sonic-boom|25:thunder-shock|29:supersonic|35:thunder-wave|41:swift|47:screech,1:tackle|21:sonic-boom|25:thunder-shock|29:supersonic|35:thunder-wave|41:swift|47:screech
82,Magneton,Magnet Pokémon,electric,,1.0,60.0,50,60,95,120,120,70,0,magnemite,,Formed by several MAGNEMITEs linked together. They frequently appear when sunspots flare up.,1:tackle|1:sonic-boom|1:thunder-shock|21:sonic-boom|25:thunder-shock|29:supersonic|38:thunder-wave|46:swift|54:screech,1:tackle|1:sonic-boom|1:thunder-shock|21:sonic-boom|25:thunder-shock|29:supersonic|38:thunder-wave|46:swift|54:screech,1:tackle|1:sonic-boom|1:thunder-shock|21:sonic-boom|25:thunder-shock|29:supersonic|38:thunder-wave|46:swift|54:screech,1:tackle|1:sonic-boom|1:thunder-shock|21:sonic-boom|25:thunder-shock|29:supersonic|38:thunder-wave|46:swift|54:screech
83,Farfetch'd,Wild Duck Pokémon,normal,flying,0.8,15.0,52,65,55,58,58,60,0,,,The sprig of green onions it holds is its weapon. It is used much like a metal sword.,1:peck|1:sand-attack|7:leer|15:fury-attack|23:swords-dance|31:agility|39:slash,1:peck|1:sand-attack|7:leer|15:fury-attack|23:swords-dance|31:agility|39:slash,1:peck|1:sand-attack|7:leer|15:fury-attack|23:swords-dance|31:agility|39:slash,1:peck|1:sand-attack|7:leer|15:fury-attack|23:swords-dance|31:agility|39:slash
84,Doduo,Twin Bird Pokémon,normal,flying,1.4,39.2,35,85,45,35,35,75,0,,dodrio,A bird that makes up for its poor flying with its fast foot speed. Leaves giant footprints.,1:peck|20:growl|24:fury-attack|30:drill-peck|36:rage|40:tri-attack|44:agility,1:peck|20:growl|24:fury-attack|30:drill-peck|36:rage|40:tri-attack|44:agility,1:peck|20:growl|24:fury-attack|30:drill-peck|36:rage|40:tri-attack|44:agility,1:peck|20:growl|24:fury-attack|30:drill-peck|36:rage|40:tri-attack|44:agility
85,Dodrio,Triple Bird Pokémon,normal,flying,1.8,85.2,60,110,70,60,60,100,0,doduo,,"Uses its three brains to execute complex plans. While two heads sleep, one head stays awake.",1:peck|1:growl|1:fury-attack|20:growl|24:fury-attack|30:drill-peck|39:rage|45:tri-attack|51:agility,1:peck|1:growl|1:fury-attack|20:growl|24:fury-attack|30:drill-peck|39:rage|45:tri-attack|51:agility,1:peck|1:growl|1:fury-attack|20:growl|24:fury-attack|30:drill-peck|39:rage|45:tri-attack|51:agility,1:peck|1:growl|1:fury-attack|20:growl|24:fury-attack|30:drill-peck|39:rage|45:tri-attack|51:agility
86,Seel,Sea Lion Pokémon,water,,1.1,90.0,65,45,55,70,70,45,0,,dewgong,The protruding horn on its head is very hard. It is used for bashing through thick ice.,1:headbutt|30:growl|35:aurora-beam|40:rest|45:take-down|50:ice-beam,1:headbutt|30:growl|35:aurora-beam|40:rest|45:take-down|50:ice-beam,1:headbutt|30:growl|35:aurora-beam|40:rest|45:take-down|50:ice-beam,1:headbutt|30:growl|35:aurora-beam|40:rest|45:take-down|50:ice-beam
87,Dewgong,Sea Lion Pokémon,water,ice,1.7,120.0,90,70,80,95,95,70,0,seel,,Stores thermal energy in its body. Swims at a steady 8 knots even in intensely cold waters.,1:headbutt|1:growl|1:aurora-beam|30:growl|35:aurora-beam|44:rest|50:take-down|56:ice-beam,1:headbutt|1:growl|1:aurora-beam|30:growl|35:aurora-beam|44:rest|50:take-down|56:ice-beam,1:headbutt|1:growl|1:aurora-beam|30:growl|35:aurora-beam|44:rest|50:take-down|56:ice-beam,1:headbutt|1:growl|1:aurora-beam|30:growl|35:aurora-beam|44:rest|50:take-down|56:ice-beam
88,Grimer,Sludge Pokémon,poison,,,,80,80,50,40,40,25,0,,muk,Appears in filthy areas. Thrives by sucking up polluted sludge that is pumped out of factories.,1:pound|1:disable|30:poison-gas|33:minimize|37:sludge|42:harden|48:screech|55:acid-armor,1:pound|1:disable|30:poison-gas|33:minimize|37:sludge|42:harden|48:screech|55:acid-armor,1:pound|1:disable|30:poison-gas|33:minimize|37:sludge|42:harden|48:screech|55:acid-armor,1:pound|1:disable|30:poison-gas|33:minimize|37:sludge|42:harden|48:screech|55:acid-armor
89,Muk,Sludge Pokémon,poison,,,,105,105,75,65,65,50,0,grimer,,"Thickly covered with a filthy, vile sludge. It is so toxic, even its footprints contain poison.",1:pound|1:disable|1:poison-gas|30:poison-gas|33:minimize|37:sludge|45:harden|53:screech|60:acid-armor,1:pound|1:disable|1:poison-gas|30:poison-gas|33:minimize|37:sludge|45:harden|53:screech|60:acid-armor,1:pound|1:disable|1:poison-gas|30:poison-gas|33:minimize|37:sludge|45:harden|53:screech|60:acid-armor,1:pound|1:disable|1:poison-gas|30:poison-gas|33:minimize|37:sludge|45:harden|53:screech|60:acid-armor
90,Shellder,Bivalve Pokémon,water,,0.3,4.0,30,65,100,45,45,40,0,,cloyster,Its hard shell repels any kind of attack. It is vulnerable only when its shell is open.,1:tackle|1:withdraw|18:supersonic|23:clamp|30:aurora-beam|39:leer|50:ice-beam,1:tackle|1:withdraw|18:supersonic|23:clamp|30:aurora-beam|39:leer|50:ice-beam,1:tackle|1:withdraw|18:supersonic|23:clamp|30:aurora-beam|39:leer|50:ice-beam,1:tackle|1:withdraw|18:supersonic|23:clamp|30:aurora-beam|39:leer|50:ice-beam
91,Cloyster,Bivalve Pokémon,water,ice,1.5,132.5,50,95,180,85,85,70,0,shellder,,"When attacked, it launches its horns in quick volleys. Its innards have never been seen.",1:withdraw|1:supersonic|1:clamp|1:aurora-beam|50:spike-cannon,1:withdraw|1:supersonic|1:clamp|1:aurora-beam|50:spike-cannon,1:withdraw|1:supersonic|1:clamp|1:aurora-beam|50:spike-cannon,1:withdraw|1:supersonic|1:clamp|1:aurora-beam|50:spike-cannon
92,Gastly,Gas Pokémon,ghost,poison,1.3,0.1,30,35,30,100,100,80,0,,haunter,"Almost invisible, this gaseous POKéMON cloaks the target and puts it to sleep without notice.",1:lick|1:confuse-ray|1:night-shade|27:hypnosis|35:dream-eater,1:lick|1:confuse-ray|1:night-shade|27:hypnosis|35:dream-eater,1:lick|1:confuse-ray|1:night-shade|27:hypnosis|35:dream-eater,1:lick|1:confuse-ray|1:night-shade|27:hypnosis|35:dream-eater
93,Haunter,Gas Pokémon,ghost,poison,1.6,0.1,45,50,45,115,115,95,0,gastly,gengar,"Because of its ability to slip through block walls, it is said to be from an­ other dimension.",1:lick|1:confuse-ray|1:night-shade|29:hypnosis|38:dream-eater,1:lick|1:confuse-ray|1:night-shade|29:hypnosis|38:dream-eater,1:lick|1:confuse-ray|1:night-shade|29:hypnosis|38:dream-eater,1:lick|1:confuse-ray|1:night-shade|29:hypnosis|38:dream-eater
94,Gengar,Shadow Pokémon,ghost,poison,1.5,40.5,60,65,60,130,130,110,0,haunter,,"Under a full moon, this POKéMON likes to mimic the shadows of people and laugh at their fright.",1:lick|1:confuse-ray|1:night-shade|29:hypnosis|38:dream-eater,1:lick|1:confuse-ray|1:night-shade|29:hypnosis|38:dream-eater,1:lick|1:confuse-ray|1:night-shade|29:hypnosis|38:dream-eater,1:lick|1:confuse-ray|1:night-shade|29:hypnosis|38:dream-eater
95,Onix,Rock Snake Pokémon,rock,ground,8.8,210.0,35,45,160,30,30,70,0,,,"As it grows, the stone portions of its body harden to become similar to a diamond, but colored black.",1:tackle|1:screech|15:bind|19:rock-throw|25:rage|33:slam|43:harden,1:tackle|1:screech|15:bind|19:rock-throw|25:rage|33:slam|43:harden,1:tackle|1:screech|15:bind|19:rock-throw|25:rage|33:slam|43:harden,1:tackle|1:screech|15:bind|19:rock-throw|25:rage|33:slam|43:harden
96,Drowzee,Hypnosis Pokémon,psychic,,1.0,32.4,60,48,45,90,90,42,0,,hypno,Puts enemies to sleep then eats their dreams. Occasionally gets sick from eating bad dreams.,1:pound|1:hypnosis|12:disable|17:confusion|24:headbutt|29:poison-gas|32:psychic|37:meditate,1:pound|1:hypnosis|12:disable|17:confusion|24:headbutt|29:poison-gas|32:psychic|37:meditate,1:pound|1:hypnosis|12:disable|17:confusion|24:headbutt|29:poison-gas|32:psychic|37:meditate,1:pound|1:hypnosis|12:disable|17:confusion|24:headbutt|29:poison-gas|32:psychic|37:meditate
97,Hypno,Hypnosis Pokémon,psychic,,1.6,75.6,85,73,70,115,115,67,0,drowzee,,"When it locks eyes with an enemy, it will use a mix of PSI moves such as HYPNOSIS and CONFUSION.",1:pound|1:hypnosis|1:disable|1:confusion|12:disable|17:confusion|24:headbutt|33:poison-gas|37:psychic|43:meditate,1:pound|1:hypnosis|1:disable|1:confusion|12:disable|17:confusion|24:headbutt|33:poison-gas|37:psychic|43:meditate,1:pound|1:hypnosis|1:disable|1:confusion|12:disable|17:confusion|24:headbutt|33:poison-gas|37:psychic|43:meditate,1:pound|1:hypnosis|1:disable|1:confusion|12:disable|17:confusion|24:headbutt|33:poison-gas|37:psychic|43:meditate
98,Krabby,River Crab Pokémon,water,,0.4,6.5,30,105,90,25,25,50,0,,kingler,"Its pincers are not only powerful weapons, they are used for balance when walking sideways.",1:bubble|1:leer|20:vice-grip|25:guillotine|30:stomp|35:crabhammer|40:harden,1:bubble|1:leer|20:vice-grip|25:guillotine|30:stomp|35:crabhammer|40:harden,1:bubble|1:leer|20:vice-grip|25:guillotine|30:stomp|35:crabhammer|40:harden,1:bubble|1:leer|20:vice-grip|25:guillotine|30:stomp|35:crabhammer|40:harden
99,Kingler,Pincer Pokémon,water,,1.3,60.0,55,130,115,50,50,75,0,krabby,,"The large pincer has 10000 hp of crushing power. However, its huge size makes it unwieldy to use.",1:bubble|1:leer|1:vice-grip|20:vice-grip|25:guillotine|34:stomp|42:crabhammer|49:harden,1:bubble|1:leer|1:vice-grip|20:vice-grip|25:guillotine|34:stomp|42:crabhammer|49:harden,1:bubble|1:leer|1:vice-grip|20:vice-grip|25:guillotine|34:stomp|42:crabhammer|49:harden,1:bubble|1:leer|1:vice-grip|20:vice-grip|25:guillotine|34:stomp|42:crabhammer|49:harden
100,Voltorb,Ball Pokémon,electric,,0.5,10.4,40,30,50,55,55,100,0,,electrode,"Usually found in power plants. Easily mistaken for a POKé BALL, they have zapped many people.",1:tackle|1:screech|17:sonic-boom|22:self-destruct|29:light-screen|36:swift|43:explosion,1:tackle|1:screech|17:sonic-boom|22:self-destruct|29:light-screen|36:swift|43:explosion,1:tackle|1:screech|17:sonic-boom|22:self-destruct|29:light-screen|36:swift|43:explosion,1:tackle|1:screech|17:sonic-boom|22:self-destruct|29:light-screen|36:swift|43:explosion
101,Electrode,Ball Pokémon,electric,,1.2,66.6,60,50,70,80,80,140,0,voltorb,,It stores electric energy under very high pressure. It often explodes with little or no provocation.,1:tackle|1:screech|1:sonic-boom|17:sonic-boom|22:self-destruct|29:light-screen|40:swift|50:explosion,1:tackle|1:screech|1:sonic-boom|17:sonic-boom|22:self-destruct|29:light-screen|40:swift|50:explosion,1:tackle|1:screech|1:sonic-boom|17:sonic-boom|22:self-destruct|29:light-screen|40:swift|50:explosion,1:tackle|1:screech|1:sonic-boom|17:sonic-boom|22:self-destruct|29:light-screen|40:swift|50:explosion
102,Exeggcute,Egg Pokémon,grass,psychic,0.4,2.5,60,40,80,60,60,40,0,,exeggutor,"Often mistaken for eggs. When disturbed, they quickly gather and attack in swarms.",1:barrage|1:hypnosis|25:reflect|28:leech-seed|32:stun-spore|37:poison-powder|42:solar-beam|48:sleep-powder,1:barrage|1:hypnosis|25:reflect|28:leech-seed|32:stun-spore|37:poison-powder|42:solar-beam|48:sleep-powder,1:barrage|1:hypnosis|25:reflect|28:leech-seed|32:stun-spore|37:poison-powder|42:solar-beam|48:sleep-powder,1:barrage|1:hypnosis|25:reflect|28:leech-seed|32:stun-spore|37:poison-powder|42:solar-beam|48:sleep-powder
103,Exeggutor,Coconut Pokémon,grass,psychic,,,95,95,85,125,125,55,0,exeggcute,,"Legend has it that on rare occasions, one of its heads will drop off and continue on as an EXEGGCUTE.",1:barrage|1:hypnosis|28:stomp,1:barrage|1:hypnosis|28:stomp,1:barrage|1:hypnosis|28:stomp,1:barrage|1:hypnosis|28:stomp
104,Cubone,Lonely Pokémon,ground,,0.4,6.5,50,50,95,40,40,35,0,,marowak,"Because it never removes its skull helmet, no one has ever seen this POKéMON's real face.",1:bone-club|1:growl|25:leer|31:focus-energy|38:thrash|43:bonemerang|46:rage,1:growl|10:bone-club|13:tail-whip|18:headbutt|25:leer|31:focus-energy|38:thrash|43:bonemerang|46:rage,1:bone-club|1:growl|25:leer|31:focus-energy|38:thrash|43:bonemerang|46:rage,1:bone-club|1:growl|25:leer|31:focus-energy|38:thrash|43:bonemerang|46:rage
105,Marowak,Bone Keeper Pokémon,ground,,,,60,80,110,50,50,45,0,cubone,,The bone it holds is its key weapon. It throws the bone skillfully like a boomerang to KO targets.,1:bone-club|1:growl|1:leer|1:focus-energy|25:leer|33:focus-energy|41:thrash|48:bonemerang|55:rage,1:bone-club|1:tail-whip|10:bone-club|13:tail-whip|18:headbutt|25:leer|33:focus-energy|41:thrash|48:bonemerang|55:rage,1:bone-club|1:growl|1:leer|1:focus-energy|25:leer|33:focus-energy|41:thrash|48:bonemerang|55:rage,1:bone-club|1:growl|1:leer|1:focus-energy|25:leer|33:focus-energy|41:thrash|48:bonemerang|55:rage
106,Hitmonlee,Kicking Pokémon,fighting,,1.5,49.8,50,120,53,35,35,87,0,,,"When in a hurry, its legs lengthen progressively. It runs smoothly with extra long, loping strides.",1:double-kick|1:meditate|33:rolling-kick|38:jump-kick|43:focus-energy|48:high-jump-kick|53:mega-kick,1:double-kick|1:meditate|33:rolling-kick|38:jump-kick|43:focus-energy|48:high-jump-kick|53:mega-kick,1:double-kick|1:meditate|33:rolling-kick|38:jump-kick|43:focus-energy|48:high-jump-kick|53:mega-kick,1:double-kick|1:meditate|33:rolling-kick|38:jump-kick|43:focus-energy|48:high-jump-kick|53:mega-kick
107,Hitmonchan,Punching Pokémon,fighting,,1.4,50.2,50,105,79,35,35,76,0,,,"While apparently doing nothing, it fires punches in lightning fast volleys that are impossible to see.",1:comet-punch|1:agility|33:fire-punch|38:ice-punch|43:thunder-punch|48:mega-punch|53:counter,1:comet-punch|1:agility|33:fire-punch|38:ice-punch|43:thunder-punch|48:mega-punch|53:counter,1:comet-punch|1:agility|33:fire-punch|38:ice-punch|43:thunder-punch|48:mega-punch|53:counter,1:comet-punch|1:agility|33:fire-punch|38:ice-punch|43:thunder-punch|48:mega-punch|53:counter
108,Lickitung,Licking Pokémon,normal,,1.2,65.5,90,55,75,60,60,30,0,,,Its tongue can be extended like a chameleon's. It leaves a tingling sensation when it licks enemies.,1:wrap|1:supersonic|7:stomp|15:disable|23:defense-curl|31:slam|39:screech,1:wrap|1:supersonic|7:stomp|15:disable|23:defense-curl|31:slam|39:screech,1:wrap|1:supersonic|7:stomp|15:disable|23:defense-curl|31:slam|39:screech,1:wrap|1:supersonic|7:stomp|15:disable|23:defense-curl|31:slam|39:screech
109,Koffing,Poison Gas Pokémon,poison,,0.6,1.0,40,65,95,60,60,35,0,,weezing,"Because it stores several kinds of toxic gases in its body, it is prone to exploding without warning.",1:tackle|1:smog|32:sludge|37:smokescreen|40:self-destruct|45:haze|48:explosion,1:tackle|1:smog|32:sludge|37:smokescreen|40:self-destruct|45:haze|48:explosion,1:tackle|1:smog|32:sludge|37:smokescreen|40:self-destruct|45:haze|48:explosion,1:tackle|1:smog|32:sludge|37:smokescreen|40:self-destruct|45:haze|48:explosion
110,Weezing,Poison Gas Pokémon,poison,,1.2,9.5,65,90,120,85,85,60,0,koffing,,"Where two kinds of poison gases meet, 2 KOFFINGs can fuse into a WEEZING over many years.",1:tackle|1:smog|1:sludge|32:sludge|39:smokescreen|43:self-destruct|49:haze|53:explosion,1:tackle|1:smog|1:sludge|32:sludge|39:smokescreen|43:self-destruct|49:haze|53:explosion,1:tackle|1:smog|1:sludge|32:sludge|39:smokescreen|43:self-destruct|49:haze|53:explosion,1:tackle|1:smog|1:sludge|32:sludge|39:smokescreen|43:self-destruct|49:haze|53:explosion
111,Rhyhorn,Spikes Pokémon,ground,rock,1.0,115.0,80,85,95,30,30,25,0,,rhydon,Its massive bones are 1000 times harder than human bones. It can easily knock a trailer flying.,1:horn-attack|30:stomp|35:tail-whip|40:fury-attack|45:horn-drill|50:leer|55:take-down,1:horn-attack|30:stomp|35:tail-whip|40:fury-attack|45:horn-drill|50:leer|55:take-down,1:horn-attack|30:stomp|35:tail-whip|40:fury-attack|45:horn-drill|50:leer|55:take-down,1:horn-attack|30:stomp|35:tail-whip|40:fury-attack|45:horn-drill|50:leer|55:take-down
112,Rhydon,Drill Pokémon,ground,rock,1.9,120.0,105,130,120,45,45,40,0,rhyhorn,,"Protected by an armor-like hide, it is capable of living in molten lava of 3,600 degrees.",1:horn-attack|1:stomp|1:tail-whip|1:fury-attack|30:stomp|35:tail-whip|40:fury-attack|48:horn-drill|55:leer|64:take-down,1:stomp|1:horn-attack|1:fury-attack|1:tail-whip|30:stomp|35:tail-whip|40:fury-attack|48:horn-drill|55:leer|64:take-down,1:horn-attack|1:stomp|1:tail-whip|1:fury-attack|30:stomp|35:tail-whip|40:fury-attack|48:horn-drill|55:leer|64:take-down,1:horn-attack|1:stomp|1:tail-whip|1:fury-attack|30:stomp|35:tail-whip|40:fury-attack|48:horn-drill|55:leer|64:take-down
113,Chansey,Egg Pokémon,normal,,1.1,34.6,250,5,5,105,105,50,0,,,A rare and elusive POKéMON that is said to bring happiness to those who manage to get it.,1:pound|1:double-slap|24:sing|30:growl|38:minimize|44:defense-curl|48:light-screen|54:double-edge,1:pound|1:tail-whip|12:double-slap|24:sing|30:growl|38:minimize|44:defense-curl|48:light-screen|54:double-edge,1:pound|1:double-slap|24:sing|30:growl|38:minimize|44:defense-curl|48:light-screen|54:double-edge,1:pound|1:double-slap|24:sing|30:growl|38:minimize|44:defense-curl|48:light-screen|54:double-edge
114,Tangela,Vine Pokémon,grass,,1.0,35.0,65,55,115,100,100,60,0,,,The whole body is swathed with wide vines that are similar to sea­ weed. Its vines shake as it walks.,1:constrict|1:bind|29:absorb|32:poison-powder|36:stun-spore|39:sleep-powder|45:slam|49:growth,1:constrict|24:bind|27:absorb|29:vine-whip|32:poison-powder|36:stun-spore|39:sleep-powder|45:slam|48:growth,1:constrict|1:bind|29:absorb|32:poison-powder|36:stun-spore|39:sleep-powder|45:slam|49:growth,1:constrict|1:bind|29:absorb|32:poison-powder|36:stun-spore|39:sleep-powder|45:slam|49:growth
115,Kangaskhan,Parent Pokémon,normal,,2.2,80.0,105,95,80,40,40,90,0,,,The infant rarely ventures out of its mother's protective pouch until it is 3 years old.,1:comet-punch|1:rage|26:bite|31:tail-whip|36:mega-punch|41:leer|46:dizzy-punch,1:comet-punch|1:rage|26:bite|31:tail-whip|36:mega-punch|41:leer|46:dizzy-punch,1:comet-punch|1:rage|26:bite|31:tail-whip|36:mega-punch|41:leer|46:dizzy-punch,1:comet-punch|1:rage|26:bite|31:tail-whip|36:mega-punch|41:leer|46:dizzy-punch
116,Horsea,Dragon Pokémon,water,,0.4,8.0,30,40,70,70,70,60,0,,seadra,Known to shoot down flying bugs with precision blasts of ink from the surface of the water.,1:bubble|19:smokescreen|24:leer|30:water-gun|37:agility|45:hydro-pump,1:bubble|19:smokescreen|24:leer|30:water-gun|37:agility|45:hydro-pump,1:bubble|19:smokescreen|24:leer|30:water-gun|37:agility|45:hydro-pump,1:bubble|19:smokescreen|24:leer|30:water-gun|37:agility|45:hydro-pump
117,Seadra,Dragon Pokémon,water,,1.2,25.0,55,65,95,95,95,85,0,horsea,,Capable of swim­ ming backwards by rapidly flapping its wing-like pectoral fins and stout tail.,1:bubble|1:smokescreen|19:smokescreen|24:leer|30:water-gun|41:agility|52:hydro-pump,1:bubble|1:smokescreen|19:smokescreen|24:leer|30:water-gun|41:agility|52:hydro-pump,1:bubble|1:smokescreen|19:smokescreen|24:leer|30:water-gun|41:agility|52:hydro-pump,1:bubble|1:smokescreen|19:smokescreen|24:leer|30:water-gun|41:agility|52:hydro-pump
118,Goldeen,Goldfish Pokémon,water,,0.6,15.0,45,67,60,50,50,63,0,,seaking,"Its tail fin billows like an elegant ballroom dress, giving it the nickname of the Water Queen.",1:peck|1:tail-whip|19:supersonic|24:horn-attack|30:fury-attack|37:waterfall|45:horn-drill|54:agility,1:peck|1:tail-whip|19:supersonic|24:horn-attack|30:fury-attack|37:waterfall|45:horn-drill|54:agility,1:peck|1:tail-whip|19:supersonic|24:horn-attack|30:fury-attack|37:waterfall|45:horn-drill|54:agility,1:peck|1:tail-whip|19:supersonic|24:horn-attack|30:fury-attack|37:waterfall|45:horn-drill|54:agility
119,Seaking,Goldfish Pokémon,water,,1.3,39.0,80,92,65,80,80,68,0,goldeen,,"In the autumn spawning season, they can be seen swimming power­ fully up rivers and creeks.",1:peck|1:tail-whip|1:supersonic|19:supersonic|24:horn-attack|30:fury-attack|39:waterfall|48:horn-drill|54:agility,1:peck|1:tail-whip|1:supersonic|19:supersonic|24:horn-attack|30:fury-attack|39:waterfall|48:horn-drill|54:agility,1:peck|1:tail-whip|1:supersonic|19:supersonic|24:horn-attack|30:fury-attack|39:waterfall|48:horn-drill|54:agility,1:peck|1:tail-whip|1:supersonic|19:supersonic|24:horn-attack|30:fury-attack|39:waterfall|48:horn-drill|54:agility
120,Staryu,Starshape Pokémon,water,,0.8,34.5,30,45,55,70,70,85,0,,starmie,An enigmatic POKéMON that can effortlessly regenerate any appendage it loses in battle.,1:tackle|17:water-gun|22:harden|27:recover|32:swift|37:minimize|42:light-screen|47:hydro-pump,1:tackle|17:water-gun|22:harden|27:recover|32:swift|37:minimize|42:light-screen|47:hydro-pump,1:tackle|17:water-gun|22:harden|27:recover|32:swift|37:minimize|42:light-screen|47:hydro-pump,1:tackle|17:water-gun|22:harden|27:recover|32:swift|37:minimize|42:light-screen|47:hydro-pump
121,Starmie,Mysterious Pokémon,water,psychic,1.1,80.0,60,75,85,100,100,115,0,staryu,,Its central core glows with the seven colors of the rainbow. Some people value the core as a gem.,1:tackle|1:water-gun|1:harden,1:tackle|1:water-gun|1:harden,1:tackle|1:water-gun|1:harden,1:tackle|1:water-gun|1:harden
122,Mr. Mime,Barrier Pokémon,psychic,,1.3,54.5,40,45,65,100,100,90,0,,,"If interrupted while it is miming, it will slap around the offender with its broad hands.",1:confusion|1:barrier|15:confusion|23:light-screen|31:double-slap|39:meditate|47:substitute,1:confusion|1:barrier|15:confusion|23:light-screen|31:double-slap|39:meditate|47:substitute,1:confusion|1:barrier|15:confusion|23:light-screen|31:double-slap|39:meditate|47:substitute,1:confusion|1:barrier|15:confusion|23:light-screen|31:double-slap|39:meditate|47:substitute
123,Scyther,Mantis Pokémon,bug,flying,1.5,56.0,70,110,80,55,55,105,0,,,"With ninja-like agility and speed, it can create the illusion that there is more than one.",1:quick-attack|17:leer|20:focus-energy|24:double-team|29:slash|35:swords-dance|42:agility,1:quick-attack|17:leer|20:focus-energy|24:double-team|29:slash|35:swords-dance|42:agility|50:wing-attack,1:quick-attack|17:leer|20:focus-energy|24:double-team|29:slash|35:swords-dance|42:agility,1:quick-attack|17:leer|20:focus-energy|24:double-team|29:slash|35:swords-dance|42:agility
124,Jynx,Humanshape Pokémon,ice,psychic,1.4,40.6,65,50,35,95,95,95,0,,,It seductively wiggles its hips as it walks. It can cause people to dance in unison with it.,1:pound|1:lovely-kiss|18:lick|23:double-slap|31:ice-punch|39:body-slam|47:thrash|58:blizzard,1:pound|1:lovely-kiss|18:lick|23:double-slap|31:ice-punch|39:body-slam|47:thrash|58:blizzard,1:pound|1:lovely-kiss|18:lick|23:double-slap|31:ice-punch|39:body-slam|47:thrash|58:blizzard,1:pound|1:lovely-kiss|18:lick|23:double-slap|31:ice-punch|39:body-slam|47:thrash|58:blizzard
125,Electabuzz,Electric Pokémon,electric,,1.1,30.0,65,83,57,85,85,105,0,,,"Normally found near power plants, they can wander away and cause major blackouts in cities.",1:quick-attack|1:leer|34:thunder-shock|37:screech|42:thunder-punch|49:light-screen|54:thunder,1:quick-attack|1:leer|34:thunder-shock|37:screech|42:thunder-punch|49:light-screen|54:thunder,1:quick-attack|1:leer|34:thunder-shock|37:screech|42:thunder-punch|49:light-screen|54:thunder,1:quick-attack|1:leer|34:thunder-shock|37:screech|42:thunder-punch|49:light-screen|54:thunder
126,Magmar,Spitfire Pokémon,fire,,1.3,44.5,65,95,57,85,85,93,0,,,Its body always burns with an orange glow that enables it to hide perfectly among flames.,1:ember|36:leer|39:confuse-ray|43:fire-punch|48:smokescreen|52:smog|55:flamethrower,1:ember|36:leer|39:confuse-ray|43:fire-punch|48:smokescreen|52:smog|55:flamethrower,1:ember|36:leer|39:confuse-ray|43:fire-punch|48:smokescreen|52:smog|55:flamethrower,1:ember|36:leer|39:confuse-ray|43:fire-punch|48:smokescreen|52:smog|55:flamethrower
127,Pinsir,Stagbeetle Pokémon,bug,,1.5,55.0,65,125,100,55,55,85,0,,,"If it fails to crush the victim in its pincers, it will swing it around and toss it hard.",1:vice-grip|25:seismic-toss|30:guillotine|36:focus-energy|43:harden|49:slash|54:swords-dance,1:vice-grip|21:bind|25:seismic-toss|30:guillotine|36:focus-energy|43:harden|49:slash|54:swords-dance,1:vice-grip|25:seismic-toss|30:guillotine|36:focus-energy|43:harden|49:slash|54:swords-dance,1:vice-grip|25:seismic-toss|30:guillotine|36:focus-energy|43:harden|49:slash|54:swords-dance
128,Tauros,Wild Bull Pokémon,normal,,1.4,88.4,75,100,95,70,70,110,0,,,"When it targets an enemy, it charges furiously while whipping its body with its long tails.",1:tackle|21:stomp|28:tail-whip|35:leer|44:rage|51:take-down,1:tackle|21:stomp|28:tail-whip|35:leer|44:rage|51:take-down,1:tackle|21:stomp|28:tail-whip|35:leer|44:rage|51:take-down,1:tackle|21:stomp|28:tail-whip|35:leer|44:rage|51:take-down
129,Magikarp,Fish Pokémon,water,,0.9,10.0,20,10,55,20,20,80,0,,gyarados,"In the distant past, it was somewhat stronger than the horribly weak descendants that exist today.",1:splash|15:tackle,1:splash|15:tackle,1:splash|15:tackle,1:splash|15:tackle
130,Gyarados,Atrocious Pokémon,water,flying,6.5,235.0,95,125,79,100,100,81,0,magikarp,,"Rarely seen in the wild. Huge and vicious, it is capable of destroying entire cities in a rage.",1:bite|1:dragon-rage|1:leer|1:hydro-pump|20:bite|25:dragon-rage|32:leer|41:hydro-pump|52:hyper-beam,1:tackle|20:bite|25:dragon-rage|32:leer|41:hydro-pump|52:hyper-beam,1:bite|1:dragon-rage|1:leer|1:hydro-pump|20:bite|25:dragon-rage|32:leer|41:hydro-pump|52:hyper-beam,1:bite|1:dragon-rage|1:leer|1:hydro-pump|20:bite|25:dragon-rage|32:leer|41:hydro-pump|52:hyper-beam
131,Lapras,Transport Pokémon,water,ice,2.5,220.0,130,85,80,95,95,60,0,,,A POKéMON that has been over­ hunted almost to extinction. It can ferry people across the water.,1:water-gun|1:growl|16:sing|20:mist|25:body-slam|31:confuse-ray|38:ice-beam|46:hydro-pump,1:water-gun|1:growl|16:sing|20:mist|25:body-slam|31:confuse-ray|38:ice-beam|46:hydro-pump,1:water-gun|1:growl|16:sing|20:mist|25:body-slam|31:confuse-ray|38:ice-beam|46:hydro-pump,1:water-gun|1:growl|16:sing|20:mist|25:body-slam|31:confuse-ray|38:ice-beam|46:hydro-pump
132,Ditto,Transform Pokémon,normal,,0.3,4.0,48,48,48,48,48,48,0,,,Capable of copying an enemy's genetic code to instantly transform itself into a duplicate of the enemy.,1:transform,1:transform,1:transform,1:transform
133,Eevee,Evolution Pokémon,normal,,0.3,6.5,55,55,50,65,65,55,0,,vaporeon|jolteon|flareon,Its genetic code is irregular. It may mutate if it is exposed to radiation from element STONEs.,1:tackle|1:sand-attack|27:quick-attack|31:tail-whip|37:bite|45:take-down,1:tackle|1:tail-whip|8:sand-attack|16:growl|23:quick-attack|30:bite|36:focus-energy|42:take-down,1:tackle|1:sand-attack|27:quick-attack|31:tail-whip|37:bite|45:take-down,1:tackle|1:sand-attack|27:quick-attack|31:tail-whip|37:bite|45:take-down
134,Vaporeon,Bubble Jet Pokémon,water,,1.0,29.0,130,65,60,110,110,65,0,eevee,,Lives close to water. Its long tail is ridged with a fin which is often mistaken for a mermaid's.,1:tackle|1:sand-attack|1:quick-attack|1:water-gun|27:quick-attack|31:water-gun|37:tail-whip|40:bite|42:acid-armor|44:haze|48:mist|54:hydro-pump,1:tackle|1:tail-whip|1:quick-attack|1:water-gun|8:sand-attack|16:water-gun|23:quick-attack|30:bite|36:aurora-beam|42:haze|42:mist|47:acid-armor|52:hydro-pump,1:tackle|1:sand-attack|1:quick-attack|1:water-gun|27:quick-attack|31:water-gun|37:tail-whip|40:bite|42:acid-armor|44:haze|48:mist|54:hydro-pump,1:tackle|1:sand-attack|1:quick-attack|1:water-gun|27:quick-attack|31:water-gun|37:tail-whip|40:bite|42:acid-armor|44:haze|48:mist|54:hydro-pump
135,Jolteon,Lightning Pokémon,electric,,0.8,24.5,65,65,60,110,110,130,0,eevee,,It accumulates negative ions in the atmosphere to blast out 10000- volt lightning bolts.,1:tackle|1:sand-attack|1:quick-attack|1:thunder-shock|27:quick-attack|31:thunder-shock|37:tail-whip|40:thunder-wave|42:double-kick|44:agility|48:pin-missile|54:thunder,1:tackle|1:tail-whip|1:quick-attack|1:thunder-shock|8:sand-attack|16:thunder-shock|23:quick-attack|30:double-kick|36:pin-missile|42:thunder-wave|47:agility|52:thunder,1:tackle|1:sand-attack|1:quick-attack|1:thunder-shock|27:quick-attack|31:thunder-shock|37:tail-whip|40:thunder-wave|42:double-kick|44:agility|48:pin-missile|54:thunder,1:tackle|1:sand-attack|1:quick-attack|1:thunder-shock|27:quick-attack|31:thunder-shock|37:tail-whip|40:thunder-wave|42:double-kick|44:agility|48:pin-missile|54:thunder
136,Flareon,Flame Pokémon,fire,,0.9,25.0,65,130,60,110,110,65,0,eevee,,"When storing thermal energy in its body, its temperature could soar to over 1600 degrees.",1:tackle|1:sand-attack|1:quick-attack|1:ember|27:quick-attack|31:ember|37:tail-whip|40:bite|42:leer|44:fire-spin|48:rage|54:flamethrower,1:tackle|1:tail-whip|1:quick-attack|1:ember|8:sand-attack|16:ember|23:quick-attack|30:bite|36:fire-spin|42:smog|47:leer|52:flamethrower,1:tackle|1:sand-attack|1:quick-attack|1:ember|27:quick-attack|31:ember|37:tail-whip|40:bite|42:leer|44:fire-spin|48:rage|54:flamethrower,1:tackle|1:sand-attack|1:quick-attack|1:ember|27:quick-attack|31:ember|37:tail-whip|40:bite|42:leer|44:fire-spin|48:rage|54:flamethrower
137,Porygon,Virtual Pokémon,normal,,0.8,36.5,65,60,70,75,75,40,0,,,A POKéMON that consists entirely of programming code. Capable of moving freely in cyberspace.,1:tackle|1:sharpen|1:conversion|23:psybeam|28:recover|35:agility|42:tri-attack,1:tackle|1:sharpen|1:conversion|23:psybeam|28:recover|35:agility|42:tri-attack,1:tackle|1:sharpen|1:conversion|23:psybeam|28:recover|35:agility|42:tri-attack,1:tackle|1:sharpen|1:conversion|23:psybeam|28:recover|35:agility|42:tri-attack
138,Omanyte,Spiral Pokémon,rock,water,0.4,7.5,35,40,100,90,90,35,0,,omastar,"Although long extinct, in rare cases, it can be genetically resurrected from fossils.",1:water-gun|1:withdraw|34:horn-attack|39:leer|46:spike-cannon|53:hydro-pump,1:water-gun|1:withdraw|34:horn-attack|39:leer|46:spike-cannon|53:hydro-pump,1:water-gun|1:withdraw|34:horn-attack|39:leer|46:spike-cannon|53:hydro-pump,1:water-gun|1:withdraw|34:horn-attack|39:leer|46:spike-cannon|53:hydro-pump
139,Omastar,Spiral Pokémon,rock,water,1.0,35.0,70,60,125,115,115,55,0,omanyte,,A prehistoric POKéMON that died out when its heavy shell made it impossible to catch prey.,1:water-gun|1:withdraw|1:horn-attack|34:horn-attack|39:leer|44:spike-cannon|49:hydro-pump,1:water-gun|1:withdraw|1:horn-attack|34:horn-attack|39:leer|44:spike-cannon|49:hydro-pump,1:water-gun|1:withdraw|1:horn-attack|34:horn-attack|39:leer|44:spike-cannon|49:hydro-pump,1:water-gun|1:withdraw|1:horn-attack|34:horn-attack|39:leer|44:spike-cannon|49:hydro-pump
140,Kabuto,Shellfish Pokémon,rock,water,0.5,11.5,30,80,90,45,45,55,0,,kabutops,A POKéMON that was resurrected from a fossil found in what was once the ocean floor eons ago.,1:scratch|1:harden|34:absorb|39:slash|44:leer|49:hydro-pump,1:scratch|1:harden|34:absorb|39:slash|44:leer|49:hydro-pump,1:scratch|1:harden|34:absorb|39:slash|44:leer|49:hydro-pump,1:scratch|1:harden|34:absorb|39:slash|44:leer|49:hydro-pump
141,Kabutops,Shellfish Pokémon,rock,water,1.3,40.5,60,115,105,70,70,80,0,kabuto,,Its sleek shape is perfect for swim­ ming. It slashes prey with its claws and drains the body fluids.,1:scratch|1:harden|1:absorb|34:absorb|39:slash|46:leer|53:hydro-pump,1:scratch|1:harden|1:absorb|34:absorb|39:slash|46:leer|53:hydro-pump,1:scratch|1:harden|1:absorb|34:absorb|39:slash|46:leer|53:hydro-pump,1:scratch|1:harden|1:absorb|34:absorb|39:slash|46:leer|53:hydro-pump
142,Aerodactyl,Fossil Pokémon,rock,flying,1.8,59.0,80,105,65,60,60,130,0,,,"A ferocious, pre­ historic POKéMON that goes for the enemy's throat with its serrated saw-like fangs.",1:wing-attack|1:agility|33:supersonic|38:bite|45:take-down|54:hyper-beam,1:wing-attack|1:agility|33:supersonic|38:bite|45:take-down|54:hyper-beam,1:wing-attack|1:agility|33:supersonic|38:bite|45:take-down|54:hyper-beam,1:wing-attack|1:agility|33:supersonic|38:bite|45:take-down|54:hyper-beam
143,Snorlax,Sleeping Pokémon,normal,,2.1,460.0,160,110,65,65,65,30,0,,,"Very lazy. Just eats and sleeps. As its rotund bulk builds, it becomes steadily more slothful.",1:headbutt|1:amnesia|1:rest|35:body-slam|41:harden|48:double-edge|56:hyper-beam,1:headbutt|1:amnesia|1:rest|35:body-slam|41:harden|48:double-edge|56:hyper-beam,1:headbutt|1:amnesia|1:rest|35:body-slam|41:harden|48:double-edge|56:hyper-beam,1:headbutt|1:amnesia|1:rest|35:body-slam|41:harden|48:double-edge|56:hyper-beam
144,Articuno,Freeze Pokémon,ice,flying,1.7,55.4,90,85,100,125,125,85,1,,,A legendary bird POKéMON that is said to appear to doomed people who are lost in icy mountains.,1:peck|1:ice-beam|51:blizzard|55:agility|60:mist,1:peck|1:ice-beam|51:blizzard|55:agility|60:mist,1:peck|1:ice-beam|51:blizzard|55:agility|60:mist,1:peck|1:ice-beam|51:blizzard|55:agility|60:mist
145,Zapdos,Electric Pokémon,electric,flying,1.6,52.6,90,90,85,125,125,100,1,,,A legendary bird POKéMON that is said to appear from clouds while dropping enormous lightning bolts.,1:thunder-shock|1:drill-peck|51:thunder|55:agility|60:light-screen,1:thunder-shock|1:drill-peck|51:thunder|55:agility|60:light-screen,1:thunder-shock|1:drill-peck|51:thunder|55:agility|60:light-screen,1:thunder-shock|1:drill-peck|51:thunder|55:agility|60:light-screen
146,Moltres,Flame Pokémon,fire,flying,2.0,60.0,90,100,90,125,125,90,1,,,Known as the legendary bird of fire. Every flap of its wings creates a dazzling flash of flames.,1:peck|1:fire-spin|51:leer|55:agility|60:sky-attack,1:peck|1:fire-spin|51:leer|55:agility|60:sky-attack,1:peck|1:fire-spin|51:leer|55:agility|60:sky-attack,1:peck|1:fire-spin|51:leer|55:agility|60:sky-attack
147,Dratini,Dragon Pokémon,dragon,,1.8,3.3,41,64,45,50,50,50,0,,dragonair,Long considered a mythical POKéMON until recently when a small colony was found living underwater.,1:wrap|1:leer|10:thunder-wave|20:agility|30:slam|40:dragon-rage|50:hyper-beam,1:wrap|1:leer|10:thunder-wave|20:agility|30:slam|40:dragon-rage|50:hyper-beam,1:wrap|1:leer|10:thunder-wave|20:agility|30:slam|40:dragon-rage|50:hyper-beam,1:wrap|1:leer|10:thunder-wave|20:agility|30:slam|40:dragon-rage|50:hyper-beam
148,Dragonair,Dragon Pokémon,dragon,,4.0,16.5,61,84,65,70,70,70,0,dratini,dragonite,A mystical POKéMON that exudes a gentle aura. Has the ability to change climate conditions.,1:wrap|1:leer|1:thunder-wave|10:thunder-wave|20:agility|35:slam|45:dragon-rage|55:hyper-beam,1:wrap|1:leer|1:thunder-wave|10:thunder-wave|20:agility|35:slam|45:dragon-rage|55:hyper-beam,1:wrap|1:leer|1:thunder-wave|10:thunder-wave|20:agility|35:slam|45:dragon-rage|55:hyper-beam,1:wrap|1:leer|1:thunder-wave|10:thunder-wave|20:agility|35:slam|45:dragon-rage|55:hyper-beam
149,Dragonite,Dragon Pokémon,dragon,flying,2.2,210.0,91,134,95,100,100,80,0,dragonair,,An extremely rarely seen marine POKéMON. Its intelligence is said to match that of humans.,1:wrap|1:leer|1:thunder-wave|1:agility|10:thunder-wave|20:agility|35:slam|45:dragon-rage|60:hyper-beam,1:wrap|1:leer|1:thunder-wave|1:agility|10:thunder-wave|20:agility|35:slam|45:dragon-rage|60:hyper-beam,1:wrap|1:leer|1:thunder-wave|1:agility|10:thunder-wave|20:agility|35:slam|45:dragon-rage|60:hyper-beam,1:wrap|1:leer|1:thunder-wave|1:agility|10:thunder-wave|20:agility|35:slam|45:dragon-rage|60:hyper-beam
150,Mewtwo,Genetic Pokémon,psychic,,2.0,122.0,106,110,90,154,154,130,1,,,It was created by a scientist after years of horrific gene splicing and DNA engineering experiments.,1:confusion|1:disable|1:swift|1:psychic|63:barrier|66:psychic|70:recover|75:mist|81:amnesia,1:confusion|1:disable|1:swift|1:psychic|63:barrier|66:psychic|70:recover|75:mist|81:amnesia,1:confusion|1:disable|1:swift|1:psychic|63:barrier|66:psychic|70:recover|75:mist|81:amnesia,1:confusion|1:disable|1:swift|1:psychic|63:barrier|66:psychic|70:recover|75:mist|81:amnesia
151,Mew,New Species Pokémon,psychic,,0.4,4.0,100,100,100,100,100,100,1,,,So rare that it is still said to be a mirage by many experts. Only a few people have seen it worldwide.,1:pound|10:transform|20:mega-punch|30:metronome|40:psychic,1:pound|10:transform|20:mega-punch|30:metronome|40:psychic,1:pound|10:transform|20:mega-punch|30:metronome|40:psychic,1:pound|10:transform|20:mega-punch|30:metronome|40:psychic
